"LOCATION","Country","DESC","Description","SEX","Sex","AGE","Age","T","Time","Value","Flag Codes","Flags"
"AUS","Australia","UPW","Unpaid work","TOTAL","Total","15_64","15-64","LY","Latest year",243.16887,"D","Difference in methodology"
"AUS","Australia","UPW","Unpaid work","WOMEN","Women","15_64","15-64","LY","Latest year",311,"D","Difference in methodology"
"AUS","Australia","UPW","Unpaid work","MEN","Men","15_64","15-64","LY","Latest year",171.59583,"D","Difference in methodology"
"AUT","Austria","UPW","Unpaid work","TOTAL","Total","15_64","15-64","LY","Latest year",202,,
"AUT","Austria","UPW","Unpaid work","WOMEN","Women","15_64","15-64","LY","Latest year",269.172,,
"AUT","Austria","UPW","Unpaid work","MEN","Men","15_64","15-64","LY","Latest year",135.28297,,
"BEL","Belgium","UPW","Unpaid work","TOTAL","Total","15_64","15-64","LY","Latest year",191.82016,,
"BEL","Belgium","UPW","Unpaid work","WOMEN","Women","15_64","15-64","LY","Latest year",237.32297,,
"BEL","Belgium","UPW","Unpaid work","MEN","Men","15_64","15-64","LY","Latest year",144.17238,,
"CAN","Canada","UPW","Unpaid work","TOTAL","Total","15_64","15-64","LY","Latest year",186,,
"CAN","Canada","UPW","Unpaid work","WOMEN","Women","15_64","15-64","LY","Latest year",223.6564,,
"CAN","Canada","UPW","Unpaid work","MEN","Men","15_64","15-64","LY","Latest year",148.13789,,
"DNK","Denmark","UPW","Unpaid work","TOTAL","Total","15_64","15-64","LY","Latest year",216.62733,,
"DNK","Denmark","UPW","Unpaid work","WOMEN","Women","15_64","15-64","LY","Latest year",242.80872,,
"DNK","Denmark","UPW","Unpaid work","MEN","Men","15_64","15-64","LY","Latest year",186.13608,,
"FIN","Finland","UPW","Unpaid work","TOTAL","Total","15_64","15-64","LY","Latest year",196.87715,,
"FIN","Finland","UPW","Unpaid work","WOMEN","Women","15_64","15-64","LY","Latest year",235.76947,,
"FIN","Finland","UPW","Unpaid work","MEN","Men","15_64","15-64","LY","Latest year",157.46492,,
"FRA","France","UPW","Unpaid work","TOTAL","Total","15_64","15-64","LY","Latest year",181.09856,,
"FRA","France","UPW","Unpaid work","WOMEN","Women","15_64","15-64","LY","Latest year",224.03085,,
"FRA","France","UPW","Unpaid work","MEN","Men","15_64","15-64","LY","Latest year",134.93945,,
"DEU","Germany","UPW","Unpaid work","TOTAL","Total","15_64","15-64","LY","Latest year",195.93103,,
"DEU","Germany","UPW","Unpaid work","WOMEN","Women","15_64","15-64","LY","Latest year",242.27838,,
"DEU","Germany","UPW","Unpaid work","MEN","Men","15_64","15-64","LY","Latest year",150.43201,,
"GRC","Greece","UPW","Unpaid work","TOTAL","Total","15_64","15-64","LY","Latest year",180.20116,,
"GRC","Greece","UPW","Unpaid work","WOMEN","Women","15_64","15-64","LY","Latest year",259.48148,,
"GRC","Greece","UPW","Unpaid work","MEN","Men","15_64","15-64","LY","Latest year",95.084076,,
"HUN","Hungary","UPW","Unpaid work","TOTAL","Total","15_64","15-64","LY","Latest year",229.15895,,
"HUN","Hungary","UPW","Unpaid work","WOMEN","Women","15_64","15-64","LY","Latest year",293.76733,,
"HUN","Hungary","UPW","Unpaid work","MEN","Men","15_64","15-64","LY","Latest year",162.34105,,
"IRL","Ireland","UPW","Unpaid work","TOTAL","Total","15_64","15-64","LY","Latest year",209.64148,,
"IRL","Ireland","UPW","Unpaid work","WOMEN","Women","15_64","15-64","LY","Latest year",292.5083,,
"IRL","Ireland","UPW","Unpaid work","MEN","Men","15_64","15-64","LY","Latest year",126.97815,,
"ITA","Italy","UPW","Unpaid work","TOTAL","Total","15_64","15-64","LY","Latest year",219.03874,,
"ITA","Italy","UPW","Unpaid work","WOMEN","Women","15_64","15-64","LY","Latest year",306.33594,,
"ITA","Italy","UPW","Unpaid work","MEN","Men","15_64","15-64","LY","Latest year",130.70905,,
"JPN","Japan","UPW","Unpaid work","TOTAL","Total","15_64","15-64","LY","Latest year",132.01698,,
"JPN","Japan","UPW","Unpaid work","WOMEN","Women","15_64","15-64","LY","Latest year",224.30183,,
"JPN","Japan","UPW","Unpaid work","MEN","Men","15_64","15-64","LY","Latest year",40.767059,,
"KOR","Korea","UPW","Unpaid work","TOTAL","Total","15_64","15-64","LY","Latest year",131.70642,,
"KOR","Korea","UPW","Unpaid work","WOMEN","Women","15_64","15-64","LY","Latest year",215.00894,,
"KOR","Korea","UPW","Unpaid work","MEN","Men","15_64","15-64","LY","Latest year",48.994484,,
"MEX","Mexico","UPW","Unpaid work","TOTAL","Total","15_64","15-64","LY","Latest year",263.88788,"D","Difference in methodology"
"MEX","Mexico","UPW","Unpaid work","WOMEN","Women","15_64","15-64","LY","Latest year",331.29083,"D","Difference in methodology"
"MEX","Mexico","UPW","Unpaid work","MEN","Men","15_64","15-64","LY","Latest year",131.41922,"D","Difference in methodology"
"NLD","Netherlands","UPW","Unpaid work","TOTAL","Total","15_64","15-64","LY","Latest year",185.56139,,
"NLD","Netherlands","UPW","Unpaid work","WOMEN","Women","15_64","15-64","LY","Latest year",224.94611,,
"NLD","Netherlands","UPW","Unpaid work","MEN","Men","15_64","15-64","LY","Latest year",145.41707,,
"NZL","New Zealand","UPW","Unpaid work","TOTAL","Total","15_64","15-64","LY","Latest year",204,,
"NZL","New Zealand","UPW","Unpaid work","WOMEN","Women","15_64","15-64","LY","Latest year",264,,
"NZL","New Zealand","UPW","Unpaid work","MEN","Men","15_64","15-64","LY","Latest year",141,,
"NOR","Norway","UPW","Unpaid work","TOTAL","Total","15_64","15-64","LY","Latest year",195.98425,,
"NOR","Norway","UPW","Unpaid work","WOMEN","Women","15_64","15-64","LY","Latest year",227.40991,,
"NOR","Norway","UPW","Unpaid work","MEN","Men","15_64","15-64","LY","Latest year",168.48694,,
"POL","Poland","UPW","Unpaid work","TOTAL","Total","15_64","15-64","LY","Latest year",225.9187,,
"POL","Poland","UPW","Unpaid work","WOMEN","Women","15_64","15-64","LY","Latest year",295.00824,,
"POL","Poland","UPW","Unpaid work","MEN","Men","15_64","15-64","LY","Latest year",158.78271,,
"PRT","Portugal","UPW","Unpaid work","TOTAL","Total","15_64","15-64","LY","Latest year",222.54546,,
"PRT","Portugal","UPW","Unpaid work","WOMEN","Women","15_64","15-64","LY","Latest year",328.15643,,
"PRT","Portugal","UPW","Unpaid work","MEN","Men","15_64","15-64","LY","Latest year",96.268341,,
"ESP","Spain","UPW","Unpaid work","TOTAL","Total","15_64","15-64","LY","Latest year",216.72911,,
"ESP","Spain","UPW","Unpaid work","WOMEN","Women","15_64","15-64","LY","Latest year",289.1279,,
"ESP","Spain","UPW","Unpaid work","MEN","Men","15_64","15-64","LY","Latest year",145.90932,,
"SWE","Sweden","UPW","Unpaid work","TOTAL","Total","15_64","15-64","LY","Latest year",196.49918,,
"SWE","Sweden","UPW","Unpaid work","WOMEN","Women","15_64","15-64","LY","Latest year",220.15288,,
"SWE","Sweden","UPW","Unpaid work","MEN","Men","15_64","15-64","LY","Latest year",171,,
"TUR","Turkey","UPW","Unpaid work","TOTAL","Total","15_64","15-64","LY","Latest year",186.08949,,
"TUR","Turkey","UPW","Unpaid work","WOMEN","Women","15_64","15-64","LY","Latest year",305.04739,,
"TUR","Turkey","UPW","Unpaid work","MEN","Men","15_64","15-64","LY","Latest year",67.591736,,
"GBR","United Kingdom","UPW","Unpaid work","TOTAL","Total","15_64","15-64","LY","Latest year",194.52788,,
"GBR","United Kingdom","UPW","Unpaid work","WOMEN","Women","15_64","15-64","LY","Latest year",248.63229,,
"GBR","United Kingdom","UPW","Unpaid work","MEN","Men","15_64","15-64","LY","Latest year",140.0818,,
"USA","United States","UPW","Unpaid work","TOTAL","Total","15_64","15-64","LY","Latest year",219.21774,,
"USA","United States","UPW","Unpaid work","WOMEN","Women","15_64","15-64","LY","Latest year",271.28406,,
"USA","United States","UPW","Unpaid work","MEN","Men","15_64","15-64","LY","Latest year",165.84395,,
"CHN","China (People's Republic of)","UPW","Unpaid work","TOTAL","Total","15_64","15-64","LY","Latest year",163.88618,"D","Difference in methodology"
"CHN","China (People's Republic of)","UPW","Unpaid work","WOMEN","Women","15_64","15-64","LY","Latest year",234,"D","Difference in methodology"
"CHN","China (People's Republic of)","UPW","Unpaid work","MEN","Men","15_64","15-64","LY","Latest year",91,"D","Difference in methodology"
"EST","Estonia","UPW","Unpaid work","TOTAL","Total","15_64","15-64","LY","Latest year",207.68231,,
"EST","Estonia","UPW","Unpaid work","WOMEN","Women","15_64","15-64","LY","Latest year",249.21239,,
"EST","Estonia","UPW","Unpaid work","MEN","Men","15_64","15-64","LY","Latest year",160.16359,,
"IND","India","UPW","Unpaid work","TOTAL","Total","15_64","15-64","LY","Latest year",191.14615,,
"IND","India","UPW","Unpaid work","WOMEN","Women","15_64","15-64","LY","Latest year",351.9353,,
"IND","India","UPW","Unpaid work","MEN","Men","15_64","15-64","LY","Latest year",51.767242,,
"LVA","Latvia","UPW","Unpaid work","TOTAL","Total","15_64","15-64","LY","Latest year",196.07454,,
"LVA","Latvia","UPW","Unpaid work","WOMEN","Women","15_64","15-64","LY","Latest year",253.25412,,
"LVA","Latvia","UPW","Unpaid work","MEN","Men","15_64","15-64","LY","Latest year",129.7269,,
"SVN","Slovenia","UPW","Unpaid work","TOTAL","Total","15_64","15-64","LY","Latest year",230.67961,,
"SVN","Slovenia","UPW","Unpaid work","WOMEN","Women","15_64","15-64","LY","Latest year",286.19876,,
"SVN","Slovenia","UPW","Unpaid work","MEN","Men","15_64","15-64","LY","Latest year",166.4624,,
"ZAF","South Africa","UPW","Unpaid work","TOTAL","Total","15_64","15-64","LY","Latest year",182.28479,,
"ZAF","South Africa","UPW","Unpaid work","WOMEN","Women","15_64","15-64","LY","Latest year",249.58841,,
"ZAF","South Africa","UPW","Unpaid work","MEN","Men","15_64","15-64","LY","Latest year",102.93914,,
"AUS","Australia","PCA","Personal care","TOTAL","Total","15_64","15-64","LY","Latest year",657.45654,"D","Difference in methodology"
"AUS","Australia","PCA","Personal care","WOMEN","Women","15_64","15-64","LY","Latest year",666,"D","Difference in methodology"
"AUS","Australia","PCA","Personal care","MEN","Men","15_64","15-64","LY","Latest year",649.25433,"D","Difference in methodology"
"AUT","Austria","PCA","Personal care","TOTAL","Total","15_64","15-64","LY","Latest year",632,,
"AUT","Austria","PCA","Personal care","WOMEN","Women","15_64","15-64","LY","Latest year",640.78497,,
"AUT","Austria","PCA","Personal care","MEN","Men","15_64","15-64","LY","Latest year",623.62311,,
"BEL","Belgium","PCA","Personal care","TOTAL","Total","15_64","15-64","LY","Latest year",664.04633,,
"BEL","Belgium","PCA","Personal care","WOMEN","Women","15_64","15-64","LY","Latest year",677.39722,,
"BEL","Belgium","PCA","Personal care","MEN","Men","15_64","15-64","LY","Latest year",648.45746,,
"CAN","Canada","PCA","Personal care","TOTAL","Total","15_64","15-64","LY","Latest year",636.57739,,
"CAN","Canada","PCA","Personal care","WOMEN","Women","15_64","15-64","LY","Latest year",652.76111,,
"CAN","Canada","PCA","Personal care","MEN","Men","15_64","15-64","LY","Latest year",621.77661,,
"DNK","Denmark","PCA","Personal care","TOTAL","Total","15_64","15-64","LY","Latest year",659.35931,,
"DNK","Denmark","PCA","Personal care","WOMEN","Women","15_64","15-64","LY","Latest year",673.37854,,
"DNK","Denmark","PCA","Personal care","MEN","Men","15_64","15-64","LY","Latest year",643.03949,,
"FIN","Finland","PCA","Personal care","TOTAL","Total","15_64","15-64","LY","Latest year",640.48987,,
"FIN","Finland","PCA","Personal care","WOMEN","Women","15_64","15-64","LY","Latest year",650.72681,,
"FIN","Finland","PCA","Personal care","MEN","Men","15_64","15-64","LY","Latest year",630.11621,,
"FRA","France","PCA","Personal care","TOTAL","Total","15_64","15-64","LY","Latest year",752.24652,,
"FRA","France","PCA","Personal care","WOMEN","Women","15_64","15-64","LY","Latest year",760.88806,,
"FRA","France","PCA","Personal care","MEN","Men","15_64","15-64","LY","Latest year",742.95538,,
"DEU","Germany","PCA","Personal care","TOTAL","Total","15_64","15-64","LY","Latest year",648.02252,,
"DEU","Germany","PCA","Personal care","WOMEN","Women","15_64","15-64","LY","Latest year",658.66205,,
"DEU","Germany","PCA","Personal care","MEN","Men","15_64","15-64","LY","Latest year",637.57751,,
"GRC","Greece","PCA","Personal care","TOTAL","Total","15_64","15-64","LY","Latest year",684.60358,,
"GRC","Greece","PCA","Personal care","WOMEN","Women","15_64","15-64","LY","Latest year",679.23138,,
"GRC","Greece","PCA","Personal care","MEN","Men","15_64","15-64","LY","Latest year",689.48517,,
"HUN","Hungary","PCA","Personal care","TOTAL","Total","15_64","15-64","LY","Latest year",683.13916,,
"HUN","Hungary","PCA","Personal care","WOMEN","Women","15_64","15-64","LY","Latest year",679.27179,,
"HUN","Hungary","PCA","Personal care","MEN","Men","15_64","15-64","LY","Latest year",686.29309,,
"IRL","Ireland","PCA","Personal care","TOTAL","Total","15_64","15-64","LY","Latest year",608.9137,,
"IRL","Ireland","PCA","Personal care","WOMEN","Women","15_64","15-64","LY","Latest year",623.13239,,
"IRL","Ireland","PCA","Personal care","MEN","Men","15_64","15-64","LY","Latest year",594.72986,,
"ITA","Italy","PCA","Personal care","TOTAL","Total","15_64","15-64","LY","Latest year",707.80823,,
"ITA","Italy","PCA","Personal care","WOMEN","Women","15_64","15-64","LY","Latest year",705.32733,,
"ITA","Italy","PCA","Personal care","MEN","Men","15_64","15-64","LY","Latest year",710.31842,,
"JPN","Japan","PCA","Personal care","TOTAL","Total","15_64","15-64","LY","Latest year",620.03809,,
"JPN","Japan","PCA","Personal care","WOMEN","Women","15_64","15-64","LY","Latest year",626.42706,,
"JPN","Japan","PCA","Personal care","MEN","Men","15_64","15-64","LY","Latest year",613.23279,,
"KOR","Korea","PCA","Personal care","TOTAL","Total","15_64","15-64","LY","Latest year",677.84741,,
"KOR","Korea","PCA","Personal care","WOMEN","Women","15_64","15-64","LY","Latest year",679.87683,,
"KOR","Korea","PCA","Personal care","MEN","Men","15_64","15-64","LY","Latest year",675.8324,,
"MEX","Mexico","PCA","Personal care","TOTAL","Total","15_64","15-64","LY","Latest year",633.58386,"D","Difference in methodology"
"MEX","Mexico","PCA","Personal care","WOMEN","Women","15_64","15-64","LY","Latest year",641.76294,"D","Difference in methodology"
"MEX","Mexico","PCA","Personal care","MEN","Men","15_64","15-64","LY","Latest year",624.21899,"D","Difference in methodology"
"NLD","Netherlands","PCA","Personal care","TOTAL","Total","15_64","15-64","LY","Latest year",681.59064,,
"NLD","Netherlands","PCA","Personal care","WOMEN","Women","15_64","15-64","LY","Latest year",696.65802,,
"NLD","Netherlands","PCA","Personal care","MEN","Men","15_64","15-64","LY","Latest year",666.23254,,
"NZL","New Zealand","PCA","Personal care","TOTAL","Total","15_64","15-64","LY","Latest year",648,,
"NZL","New Zealand","PCA","Personal care","WOMEN","Women","15_64","15-64","LY","Latest year",656,,
"NZL","New Zealand","PCA","Personal care","MEN","Men","15_64","15-64","LY","Latest year",639,,
"NOR","Norway","PCA","Personal care","TOTAL","Total","15_64","15-64","LY","Latest year",627.27295,,
"NOR","Norway","PCA","Personal care","WOMEN","Women","15_64","15-64","LY","Latest year",641.81549,,
"NOR","Norway","PCA","Personal care","MEN","Men","15_64","15-64","LY","Latest year",614.54816,,
"POL","Poland","PCA","Personal care","TOTAL","Total","15_64","15-64","LY","Latest year",657.11884,,
"POL","Poland","PCA","Personal care","WOMEN","Women","15_64","15-64","LY","Latest year",666.81372,,
"POL","Poland","PCA","Personal care","MEN","Men","15_64","15-64","LY","Latest year",645.25305,,
"PRT","Portugal","PCA","Personal care","TOTAL","Total","15_64","15-64","LY","Latest year",675.69232,,
"PRT","Portugal","PCA","Personal care","WOMEN","Women","15_64","15-64","LY","Latest year",673.74304,,
"PRT","Portugal","PCA","Personal care","MEN","Men","15_64","15-64","LY","Latest year",677.23273,,
"ESP","Spain","PCA","Personal care","TOTAL","Total","15_64","15-64","LY","Latest year",691.79242,,
"ESP","Spain","PCA","Personal care","WOMEN","Women","15_64","15-64","LY","Latest year",686.55231,,
"ESP","Spain","PCA","Personal care","MEN","Men","15_64","15-64","LY","Latest year",696.88,,
"SWE","Sweden","PCA","Personal care","TOTAL","Total","15_64","15-64","LY","Latest year",622.46954,,
"SWE","Sweden","PCA","Personal care","WOMEN","Women","15_64","15-64","LY","Latest year",633.43988,,
"SWE","Sweden","PCA","Personal care","MEN","Men","15_64","15-64","LY","Latest year",611,,
"TUR","Turkey","PCA","Personal care","TOTAL","Total","15_64","15-64","LY","Latest year",681.79669,,
"TUR","Turkey","PCA","Personal care","WOMEN","Women","15_64","15-64","LY","Latest year",684.50616,,
"TUR","Turkey","PCA","Personal care","MEN","Men","15_64","15-64","LY","Latest year",679.09766,,
"GBR","United Kingdom","PCA","Personal care","TOTAL","Total","15_64","15-64","LY","Latest year",645.20435,,
"GBR","United Kingdom","PCA","Personal care","WOMEN","Women","15_64","15-64","LY","Latest year",655.42712,,
"GBR","United Kingdom","PCA","Personal care","MEN","Men","15_64","15-64","LY","Latest year",634.91687,,
"USA","United States","PCA","Personal care","TOTAL","Total","15_64","15-64","LY","Latest year",651.58569,,
"USA","United States","PCA","Personal care","WOMEN","Women","15_64","15-64","LY","Latest year",667.41168,,
"USA","United States","PCA","Personal care","MEN","Men","15_64","15-64","LY","Latest year",635.36212,,
"CHN","China (People's Republic of)","PCA","Personal care","TOTAL","Total","15_64","15-64","LY","Latest year",693.51837,"D","Difference in methodology"
"CHN","China (People's Republic of)","PCA","Personal care","WOMEN","Women","15_64","15-64","LY","Latest year",692,"D","Difference in methodology"
"CHN","China (People's Republic of)","PCA","Personal care","MEN","Men","15_64","15-64","LY","Latest year",696,"D","Difference in methodology"
"EST","Estonia","PCA","Personal care","TOTAL","Total","15_64","15-64","LY","Latest year",662.67316,,
"EST","Estonia","PCA","Personal care","WOMEN","Women","15_64","15-64","LY","Latest year",663.34558,,
"EST","Estonia","PCA","Personal care","MEN","Men","15_64","15-64","LY","Latest year",663.61151,,
"IND","India","PCA","Personal care","TOTAL","Total","15_64","15-64","LY","Latest year",687.48993,,
"IND","India","PCA","Personal care","WOMEN","Women","15_64","15-64","LY","Latest year",669.86035,,
"IND","India","PCA","Personal care","MEN","Men","15_64","15-64","LY","Latest year",702.77191,,
"LVA","Latvia","PCA","Personal care","TOTAL","Total","15_64","15-64","LY","Latest year",641.2962,,
"LVA","Latvia","PCA","Personal care","WOMEN","Women","15_64","15-64","LY","Latest year",643.69354,,
"LVA","Latvia","PCA","Personal care","MEN","Men","15_64","15-64","LY","Latest year",639.60291,,
"SVN","Slovenia","PCA","Personal care","TOTAL","Total","15_64","15-64","LY","Latest year",628.12762,,
"SVN","Slovenia","PCA","Personal care","WOMEN","Women","15_64","15-64","LY","Latest year",630.43781,,
"SVN","Slovenia","PCA","Personal care","MEN","Men","15_64","15-64","LY","Latest year",631.75488,,
"ZAF","South Africa","PCA","Personal care","TOTAL","Total","15_64","15-64","LY","Latest year",695.07886,,
"ZAF","South Africa","PCA","Personal care","WOMEN","Women","15_64","15-64","LY","Latest year",694.82947,,
"ZAF","South Africa","PCA","Personal care","MEN","Men","15_64","15-64","LY","Latest year",695.37225,,
"AUS","Australia","LEI","Leisure","TOTAL","Total","15_64","15-64","LY","Latest year",281.19528,"D","Difference in methodology"
"AUS","Australia","LEI","Leisure","WOMEN","Women","15_64","15-64","LY","Latest year",269,"D","Difference in methodology"
"AUS","Australia","LEI","Leisure","MEN","Men","15_64","15-64","LY","Latest year",297.03137,"D","Difference in methodology"
"AUT","Austria","LEI","Leisure","TOTAL","Total","15_64","15-64","LY","Latest year",291.20932,,
"AUT","Austria","LEI","Leisure","WOMEN","Women","15_64","15-64","LY","Latest year",274.27515,,
"AUT","Austria","LEI","Leisure","MEN","Men","15_64","15-64","LY","Latest year",308.09048,,
"BEL","Belgium","LEI","Leisure","TOTAL","Total","15_64","15-64","LY","Latest year",339.35016,,
"BEL","Belgium","LEI","Leisure","WOMEN","Women","15_64","15-64","LY","Latest year",316.70667,,
"BEL","Belgium","LEI","Leisure","MEN","Men","15_64","15-64","LY","Latest year",365.17313,,
"CAN","Canada","LEI","Leisure","TOTAL","Total","15_64","15-64","LY","Latest year",278.93344,,
"CAN","Canada","LEI","Leisure","WOMEN","Women","15_64","15-64","LY","Latest year",259.66452,,
"CAN","Canada","LEI","Leisure","MEN","Men","15_64","15-64","LY","Latest year",297.80487,,
"DNK","Denmark","LEI","Leisure","TOTAL","Total","15_64","15-64","LY","Latest year",328.84482,,
"DNK","Denmark","LEI","Leisure","WOMEN","Women","15_64","15-64","LY","Latest year",319.61255,,
"DNK","Denmark","LEI","Leisure","MEN","Men","15_64","15-64","LY","Latest year",339.5426,,
"FIN","Finland","LEI","Leisure","TOTAL","Total","15_64","15-64","LY","Latest year",330.98871,,
"FIN","Finland","LEI","Leisure","WOMEN","Women","15_64","15-64","LY","Latest year",303.60413,,
"FIN","Finland","LEI","Leisure","MEN","Men","15_64","15-64","LY","Latest year",358.7395,,
"FRA","France","LEI","Leisure","TOTAL","Total","15_64","15-64","LY","Latest year",293.54263,,
"FRA","France","LEI","Leisure","WOMEN","Women","15_64","15-64","LY","Latest year",269.74338,,
"FRA","France","LEI","Leisure","MEN","Men","15_64","15-64","LY","Latest year",319.1308,,
"DEU","Germany","LEI","Leisure","TOTAL","Total","15_64","15-64","LY","Latest year",331.15182,,
"DEU","Germany","LEI","Leisure","WOMEN","Women","15_64","15-64","LY","Latest year",315.76834,,
"DEU","Germany","LEI","Leisure","MEN","Men","15_64","15-64","LY","Latest year",346.25378,,
"GRC","Greece","LEI","Leisure","TOTAL","Total","15_64","15-64","LY","Latest year",341.3912,,
"GRC","Greece","LEI","Leisure","WOMEN","Women","15_64","15-64","LY","Latest year",310.60394,,
"GRC","Greece","LEI","Leisure","MEN","Men","15_64","15-64","LY","Latest year",375.39032,,
"HUN","Hungary","LEI","Leisure","TOTAL","Total","15_64","15-64","LY","Latest year",281.3497,,
"HUN","Hungary","LEI","Leisure","WOMEN","Women","15_64","15-64","LY","Latest year",256.84116,,
"HUN","Hungary","LEI","Leisure","MEN","Men","15_64","15-64","LY","Latest year",308.1571,,
"IRL","Ireland","LEI","Leisure","TOTAL","Total","15_64","15-64","LY","Latest year",312.31158,,
"IRL","Ireland","LEI","Leisure","WOMEN","Women","15_64","15-64","LY","Latest year",286.98392,,
"IRL","Ireland","LEI","Leisure","MEN","Men","15_64","15-64","LY","Latest year",337.57703,,
"ITA","Italy","LEI","Leisure","TOTAL","Total","15_64","15-64","LY","Latest year",323.25861,,
"ITA","Italy","LEI","Leisure","WOMEN","Women","15_64","15-64","LY","Latest year",280.92224,,
"ITA","Italy","LEI","Leisure","MEN","Men","15_64","15-64","LY","Latest year",366.09576,,
"JPN","Japan","LEI","Leisure","TOTAL","Total","15_64","15-64","LY","Latest year",278.31256,,
"JPN","Japan","LEI","Leisure","WOMEN","Women","15_64","15-64","LY","Latest year",266.19537,,
"JPN","Japan","LEI","Leisure","MEN","Men","15_64","15-64","LY","Latest year",291.82288,,
"KOR","Korea","LEI","Leisure","TOTAL","Total","15_64","15-64","LY","Latest year",258.26019,,
"KOR","Korea","LEI","Leisure","WOMEN","Women","15_64","15-64","LY","Latest year",243.97131,,
"KOR","Korea","LEI","Leisure","MEN","Men","15_64","15-64","LY","Latest year",272.44778,,
"MEX","Mexico","LEI","Leisure","TOTAL","Total","15_64","15-64","LY","Latest year",171.92743,"D","Difference in methodology"
"MEX","Mexico","LEI","Leisure","WOMEN","Women","15_64","15-64","LY","Latest year",159.11086,"D","Difference in methodology"
"MEX","Mexico","LEI","Leisure","MEN","Men","15_64","15-64","LY","Latest year",186.60216,"D","Difference in methodology"
"NLD","Netherlands","LEI","Leisure","TOTAL","Total","15_64","15-64","LY","Latest year",314.76401,,
"NLD","Netherlands","LEI","Leisure","WOMEN","Women","15_64","15-64","LY","Latest year",300.22305,,
"NLD","Netherlands","LEI","Leisure","MEN","Men","15_64","15-64","LY","Latest year",329.58533,,
"NZL","New Zealand","LEI","Leisure","TOTAL","Total","15_64","15-64","LY","Latest year",301,,
"NZL","New Zealand","LEI","Leisure","WOMEN","Women","15_64","15-64","LY","Latest year",295,,
"NZL","New Zealand","LEI","Leisure","MEN","Men","15_64","15-64","LY","Latest year",306,,
"NOR","Norway","LEI","Leisure","TOTAL","Total","15_64","15-64","LY","Latest year",368.24329,,
"NOR","Norway","LEI","Leisure","WOMEN","Women","15_64","15-64","LY","Latest year",365.84821,,
"NOR","Norway","LEI","Leisure","MEN","Men","15_64","15-64","LY","Latest year",370.3389,,
"POL","Poland","LEI","Leisure","TOTAL","Total","15_64","15-64","LY","Latest year",286.15439,,
"POL","Poland","LEI","Leisure","WOMEN","Women","15_64","15-64","LY","Latest year",262.41089,,
"POL","Poland","LEI","Leisure","MEN","Men","15_64","15-64","LY","Latest year",310.96182,,
"PRT","Portugal","LEI","Leisure","TOTAL","Total","15_64","15-64","LY","Latest year",240.67133,,
"PRT","Portugal","LEI","Leisure","WOMEN","Women","15_64","15-64","LY","Latest year",199.77654,,
"PRT","Portugal","LEI","Leisure","MEN","Men","15_64","15-64","LY","Latest year",289.14047,,
"ESP","Spain","LEI","Leisure","TOTAL","Total","15_64","15-64","LY","Latest year",316.04926,,
"ESP","Spain","LEI","Leisure","WOMEN","Women","15_64","15-64","LY","Latest year",283.99557,,
"ESP","Spain","LEI","Leisure","MEN","Men","15_64","15-64","LY","Latest year",347.16925,,
"SWE","Sweden","LEI","Leisure","TOTAL","Total","15_64","15-64","LY","Latest year",321.48456,,
"SWE","Sweden","LEI","Leisure","WOMEN","Women","15_64","15-64","LY","Latest year",306.21265,,
"SWE","Sweden","LEI","Leisure","MEN","Men","15_64","15-64","LY","Latest year",338,,
"TUR","Turkey","LEI","Leisure","TOTAL","Total","15_64","15-64","LY","Latest year",285.73074,,
"TUR","Turkey","LEI","Leisure","WOMEN","Women","15_64","15-64","LY","Latest year",270.44739,,
"TUR","Turkey","LEI","Leisure","MEN","Men","15_64","15-64","LY","Latest year",300.95496,,
"GBR","United Kingdom","LEI","Leisure","TOTAL","Total","15_64","15-64","LY","Latest year",305.53094,,
"GBR","United Kingdom","LEI","Leisure","WOMEN","Women","15_64","15-64","LY","Latest year",284.67795,,
"GBR","United Kingdom","LEI","Leisure","MEN","Men","15_64","15-64","LY","Latest year",326.51575,,
"USA","United States","LEI","Leisure","TOTAL","Total","15_64","15-64","LY","Latest year",285.52322,,
"USA","United States","LEI","Leisure","WOMEN","Women","15_64","15-64","LY","Latest year",265.77472,,
"USA","United States","LEI","Leisure","MEN","Men","15_64","15-64","LY","Latest year",305.76767,,
"CHN","China (People's Republic of)","LEI","Leisure","TOTAL","Total","15_64","15-64","LY","Latest year",227.84178,"D","Difference in methodology"
"CHN","China (People's Republic of)","LEI","Leisure","WOMEN","Women","15_64","15-64","LY","Latest year",211,"D","Difference in methodology"
"CHN","China (People's Republic of)","LEI","Leisure","MEN","Men","15_64","15-64","LY","Latest year",248,"D","Difference in methodology"
"EST","Estonia","LEI","Leisure","TOTAL","Total","15_64","15-64","LY","Latest year",309.40707,,
"EST","Estonia","LEI","Leisure","WOMEN","Women","15_64","15-64","LY","Latest year",277.80951,,
"EST","Estonia","LEI","Leisure","MEN","Men","15_64","15-64","LY","Latest year",345.31406,,
"IND","India","LEI","Leisure","TOTAL","Total","15_64","15-64","LY","Latest year",253.99612,,
"IND","India","LEI","Leisure","WOMEN","Women","15_64","15-64","LY","Latest year",220.94849,,
"IND","India","LEI","Leisure","MEN","Men","15_64","15-64","LY","Latest year",282.64328,,
"LVA","Latvia","LEI","Leisure","TOTAL","Total","15_64","15-64","LY","Latest year",268.84131,,
"LVA","Latvia","LEI","Leisure","WOMEN","Women","15_64","15-64","LY","Latest year",249.24818,,
"LVA","Latvia","LEI","Leisure","MEN","Men","15_64","15-64","LY","Latest year",290.47876,,
"SVN","Slovenia","LEI","Leisure","TOTAL","Total","15_64","15-64","LY","Latest year",310.56866,,
"SVN","Slovenia","LEI","Leisure","WOMEN","Women","15_64","15-64","LY","Latest year",283.19666,,
"SVN","Slovenia","LEI","Leisure","MEN","Men","15_64","15-64","LY","Latest year",336.93594,,
"ZAF","South Africa","LEI","Leisure","TOTAL","Total","15_64","15-64","LY","Latest year",305.89819,,
"ZAF","South Africa","LEI","Leisure","MEN","Men","15_64","15-64","LY","Latest year",334.19431,,
"AUS","Australia","OTH","Other","TOTAL","Total","15_64","15-64","LY","Latest year",20.013899,"D","Difference in methodology"
"AUS","Australia","OTH","Other","WOMEN","Women","15_64","15-64","LY","Latest year",22,"D","Difference in methodology"
"AUS","Australia","OTH","Other","MEN","Men","15_64","15-64","LY","Latest year",18.062717,"D","Difference in methodology"
"AUT","Austria","OTH","Other","TOTAL","Total","15_64","15-64","LY","Latest year",8.4071388,,
"AUT","Austria","OTH","Other","WOMEN","Women","15_64","15-64","LY","Latest year",7.2275581,,
"AUT","Austria","OTH","Other","MEN","Men","15_64","15-64","LY","Latest year",8.0014725,,
"BEL","Belgium","OTH","Other","TOTAL","Total","15_64","15-64","LY","Latest year",9.2212801,,
"BEL","Belgium","OTH","Other","WOMEN","Women","15_64","15-64","LY","Latest year",9.0342674,,
"BEL","Belgium","OTH","Other","MEN","Men","15_64","15-64","LY","Latest year",8.4929714,,
"CAN","Canada","OTH","Other","TOTAL","Total","15_64","15-64","LY","Latest year",33.91396,,
"CAN","Canada","OTH","Other","WOMEN","Women","15_64","15-64","LY","Latest year",35.63406,,
"CAN","Canada","OTH","Other","MEN","Men","15_64","15-64","LY","Latest year",31.768059,,
"DNK","Denmark","OTH","Other","TOTAL","Total","15_64","15-64","LY","Latest year",10.351957,,
"DNK","Denmark","OTH","Other","WOMEN","Women","15_64","15-64","LY","Latest year",9.6142054,,
"DNK","Denmark","OTH","Other","MEN","Men","15_64","15-64","LY","Latest year",11.214058,,
"FIN","Finland","OTH","Other","TOTAL","Total","15_64","15-64","LY","Latest year",42.547142,,
"FIN","Finland","OTH","Other","WOMEN","Women","15_64","15-64","LY","Latest year",40.008617,,
"FIN","Finland","OTH","Other","MEN","Men","15_64","15-64","LY","Latest year",45.119598,,
"FRA","France","OTH","Other","TOTAL","Total","15_64","15-64","LY","Latest year",8.9471149,,
"FRA","France","OTH","Other","WOMEN","Women","15_64","15-64","LY","Latest year",9.9747171,,
"FRA","France","OTH","Other","MEN","Men","15_64","15-64","LY","Latest year",7.8422756,,
"DEU","Germany","OTH","Other","TOTAL","Total","15_64","15-64","LY","Latest year",17.013493,,
"DEU","Germany","OTH","Other","WOMEN","Women","15_64","15-64","LY","Latest year",17.837324,,
"DEU","Germany","OTH","Other","MEN","Men","15_64","15-64","LY","Latest year",16.204741,,
"GRC","Greece","OTH","Other","TOTAL","Total","15_64","15-64","LY","Latest year",6.0942068,,
"GRC","Greece","OTH","Other","WOMEN","Women","15_64","15-64","LY","Latest year",6.5149975,,
"GRC","Greece","OTH","Other","MEN","Men","15_64","15-64","LY","Latest year",5.7688799,,
"HUN","Hungary","OTH","Other","TOTAL","Total","15_64","15-64","LY","Latest year",8.7381868,,
"HUN","Hungary","OTH","Other","WOMEN","Women","15_64","15-64","LY","Latest year",7.6134486,,
"HUN","Hungary","OTH","Other","MEN","Men","15_64","15-64","LY","Latest year",10.551611,,
"IRL","Ireland","OTH","Other","TOTAL","Total","15_64","15-64","LY","Latest year",41.172009,,
"IRL","Ireland","OTH","Other","WOMEN","Women","15_64","15-64","LY","Latest year",42.442703,,
"IRL","Ireland","OTH","Other","MEN","Men","15_64","15-64","LY","Latest year",39.904442,,
"ITA","Italy","OTH","Other","TOTAL","Total","15_64","15-64","LY","Latest year",13.185362,,
"ITA","Italy","OTH","Other","WOMEN","Women","15_64","15-64","LY","Latest year",14.294777,,
"ITA","Italy","OTH","Other","MEN","Men","15_64","15-64","LY","Latest year",12.062819,,
"JPN","Japan","OTH","Other","TOTAL","Total","15_64","15-64","LY","Latest year",47.087002,,
"JPN","Japan","OTH","Other","WOMEN","Women","15_64","15-64","LY","Latest year",51.403179,,
"JPN","Japan","OTH","Other","MEN","Men","15_64","15-64","LY","Latest year",42.559521,,
"KOR","Korea","OTH","Other","TOTAL","Total","15_64","15-64","LY","Latest year",27.73358,,
"KOR","Korea","OTH","Other","WOMEN","Women","15_64","15-64","LY","Latest year",31.756468,,
"KOR","Korea","OTH","Other","MEN","Men","15_64","15-64","LY","Latest year",23.739212,,
"MEX","Mexico","OTH","Other","TOTAL","Total","15_64","15-64","LY","Latest year",21.448614,"D","Difference in methodology"
"MEX","Mexico","OTH","Other","WOMEN","Women","15_64","15-64","LY","Latest year",23.21456,"D","Difference in methodology"
"MEX","Mexico","OTH","Other","MEN","Men","15_64","15-64","LY","Latest year",19.42664,"D","Difference in methodology"
"NLD","Netherlands","OTH","Other","TOTAL","Total","15_64","15-64","LY","Latest year",15.296655,,
"NLD","Netherlands","OTH","Other","WOMEN","Women","15_64","15-64","LY","Latest year",16.739883,,
"NLD","Netherlands","OTH","Other","MEN","Men","15_64","15-64","LY","Latest year",13.825583,,
"NZL","New Zealand","OTH","Other","TOTAL","Total","15_64","15-64","LY","Latest year",17,,
"NZL","New Zealand","OTH","Other","WOMEN","Women","15_64","15-64","LY","Latest year",19,,
"NZL","New Zealand","OTH","Other","MEN","Men","15_64","15-64","LY","Latest year",16,,
"NOR","Norway","OTH","Other","TOTAL","Total","15_64","15-64","LY","Latest year",7.2344952,,
"NOR","Norway","OTH","Other","WOMEN","Women","15_64","15-64","LY","Latest year",4.9389901,,
"NOR","Norway","OTH","Other","MEN","Men","15_64","15-64","LY","Latest year",9.2430582,,
"POL","Poland","OTH","Other","TOTAL","Total","15_64","15-64","LY","Latest year",11.220911,,
"POL","Poland","OTH","Other","WOMEN","Women","15_64","15-64","LY","Latest year",12.566577,,
"POL","Poland","OTH","Other","MEN","Men","15_64","15-64","LY","Latest year",10.205232,,
"PRT","Portugal","OTH","Other","TOTAL","Total","15_64","15-64","LY","Latest year",6.0419579,,
"PRT","Portugal","OTH","Other","WOMEN","Women","15_64","15-64","LY","Latest year",7.0391064,,
"PRT","Portugal","OTH","Other","MEN","Men","15_64","15-64","LY","Latest year",5.0314465,,
"ESP","Spain","OTH","Other","TOTAL","Total","15_64","15-64","LY","Latest year",13.424608,,
"ESP","Spain","OTH","Other","WOMEN","Women","15_64","15-64","LY","Latest year",13.180323,,
"ESP","Spain","OTH","Other","MEN","Men","15_64","15-64","LY","Latest year",13.661777,,
"SWE","Sweden","OTH","Other","TOTAL","Total","15_64","15-64","LY","Latest year",6.1398563,,
"SWE","Sweden","OTH","Other","WOMEN","Women","15_64","15-64","LY","Latest year",5.0034747,,
"SWE","Sweden","OTH","Other","MEN","Men","15_64","15-64","LY","Latest year",7,,
"TUR","Turkey","OTH","Other","TOTAL","Total","15_64","15-64","LY","Latest year",40.09676,,
"TUR","Turkey","OTH","Other","WOMEN","Women","15_64","15-64","LY","Latest year",46.099934,,
"TUR","Turkey","OTH","Other","MEN","Men","15_64","15-64","LY","Latest year",34.116821,,
"GBR","United Kingdom","OTH","Other","TOTAL","Total","15_64","15-64","LY","Latest year",32.471893,,
"GBR","United Kingdom","OTH","Other","WOMEN","Women","15_64","15-64","LY","Latest year",35.057838,,
"GBR","United Kingdom","OTH","Other","MEN","Men","15_64","15-64","LY","Latest year",29.869604,,
"USA","United States","OTH","Other","TOTAL","Total","15_64","15-64","LY","Latest year",23.83816,,
"USA","United States","OTH","Other","WOMEN","Women","15_64","15-64","LY","Latest year",27.808388,,
"USA","United States","OTH","Other","MEN","Men","15_64","15-64","LY","Latest year",19.768225,,
"CHN","China (People's Republic of)","OTH","Other","TOTAL","Total","15_64","15-64","LY","Latest year",14.989591,"D","Difference in methodology"
"CHN","China (People's Republic of)","OTH","Other","WOMEN","Women","15_64","15-64","LY","Latest year",12,"D","Difference in methodology"
"CHN","China (People's Republic of)","OTH","Other","MEN","Men","15_64","15-64","LY","Latest year",15,"D","Difference in methodology"
"EST","Estonia","OTH","Other","TOTAL","Total","15_64","15-64","LY","Latest year",5,,
"EST","Estonia","OTH","Other","WOMEN","Women","15_64","15-64","LY","Latest year",4.4668403,,
"EST","Estonia","OTH","Other","MEN","Men","15_64","15-64","LY","Latest year",6.4666839,,
"IND","India","OTH","Other","TOTAL","Total","15_64","15-64","LY","Latest year",12.388403,,
"IND","India","OTH","Other","WOMEN","Women","15_64","15-64","LY","Latest year",12.552157,,
"IND","India","OTH","Other","MEN","Men","15_64","15-64","LY","Latest year",12.246449,,
"LVA","Latvia","OTH","Other","TOTAL","Total","15_64","15-64","LY","Latest year",3.8495073,,
"LVA","Latvia","OTH","Other","WOMEN","Women","15_64","15-64","LY","Latest year",5.3358335,,
"LVA","Latvia","OTH","Other","MEN","Men","15_64","15-64","LY","Latest year",3.2603798,,
"SVN","Slovenia","OTH","Other","TOTAL","Total","15_64","15-64","LY","Latest year",5.9916782,,
"SVN","Slovenia","OTH","Other","WOMEN","Women","15_64","15-64","LY","Latest year",6.0041695,,
"SVN","Slovenia","OTH","Other","MEN","Men","15_64","15-64","LY","Latest year",5.0139275,,
"ZAF","South Africa","OTH","Other","TOTAL","Total","15_64","15-64","LY","Latest year",16.16213,,
"ZAF","South Africa","OTH","Other","WOMEN","Women","15_64","15-64","LY","Latest year",18.698801,,
"ZAF","South Africa","OTH","Other","MEN","Men","15_64","15-64","LY","Latest year",13.1774,,
"AUS","Australia","PAW","Paid work or study","TOTAL","Total","15_64","15-64","LY","Latest year",238.16539,"D","Difference in methodology"
"AUS","Australia","PAW","Paid work or study","WOMEN","Women","15_64","15-64","LY","Latest year",172,"D","Difference in methodology"
"AUS","Australia","PAW","Paid work or study","MEN","Men","15_64","15-64","LY","Latest year",304.05576,"D","Difference in methodology"
"AUT","Austria","PAW","Paid work or study","TOTAL","Total","15_64","15-64","LY","Latest year",306.43021,,
"AUT","Austria","PAW","Paid work or study","WOMEN","Women","15_64","15-64","LY","Latest year",248.75507,,
"AUT","Austria","PAW","Paid work or study","MEN","Men","15_64","15-64","LY","Latest year",364.78339,,
"BEL","Belgium","PAW","Paid work or study","TOTAL","Total","15_64","15-64","LY","Latest year",235.75362,,
"BEL","Belgium","PAW","Paid work or study","WOMEN","Women","15_64","15-64","LY","Latest year",199.2325,,
"BEL","Belgium","PAW","Paid work or study","MEN","Men","15_64","15-64","LY","Latest year",273.70407,,
"CAN","Canada","PAW","Paid work or study","TOTAL","Total","15_64","15-64","LY","Latest year",304.64124,,
"CAN","Canada","PAW","Paid work or study","WOMEN","Women","15_64","15-64","LY","Latest year",268.28391,,
"CAN","Canada","PAW","Paid work or study","MEN","Men","15_64","15-64","LY","Latest year",340.51254,,
"DNK","Denmark","PAW","Paid work or study","TOTAL","Total","15_64","15-64","LY","Latest year",224.81659,,
"DNK","Denmark","PAW","Paid work or study","WOMEN","Women","15_64","15-64","LY","Latest year",194.58598,,
"DNK","Denmark","PAW","Paid work or study","MEN","Men","15_64","15-64","LY","Latest year",260.06775,,
"FIN","Finland","PAW","Paid work or study","TOTAL","Total","15_64","15-64","LY","Latest year",229.097,,
"FIN","Finland","PAW","Paid work or study","WOMEN","Women","15_64","15-64","LY","Latest year",209.89101,,
"FIN","Finland","PAW","Paid work or study","MEN","Men","15_64","15-64","LY","Latest year",248.55974,,
"FRA","France","PAW","Paid work or study","TOTAL","Total","15_64","15-64","LY","Latest year",204.16515,,
"FRA","France","PAW","Paid work or study","WOMEN","Women","15_64","15-64","LY","Latest year",175.36299,,
"FRA","France","PAW","Paid work or study","MEN","Men","15_64","15-64","LY","Latest year",235.13206,,
"DEU","Germany","PAW","Paid work or study","TOTAL","Total","15_64","15-64","LY","Latest year",247.88115,,
"DEU","Germany","PAW","Paid work or study","WOMEN","Women","15_64","15-64","LY","Latest year",205.45386,,
"DEU","Germany","PAW","Paid work or study","MEN","Men","15_64","15-64","LY","Latest year",289.53189,,
"GRC","Greece","PAW","Paid work or study","TOTAL","Total","15_64","15-64","LY","Latest year",227.70988,,
"GRC","Greece","PAW","Paid work or study","WOMEN","Women","15_64","15-64","LY","Latest year",184.53667,,
"GRC","Greece","PAW","Paid work or study","MEN","Men","15_64","15-64","LY","Latest year",274.27158,,
"HUN","Hungary","PAW","Paid work or study","TOTAL","Total","15_64","15-64","LY","Latest year",237.614,,
"HUN","Hungary","PAW","Paid work or study","WOMEN","Women","15_64","15-64","LY","Latest year",202.50626,,
"HUN","Hungary","PAW","Paid work or study","MEN","Men","15_64","15-64","LY","Latest year",272.6571,,
"IRL","Ireland","PAW","Paid work or study","TOTAL","Total","15_64","15-64","LY","Latest year",267.9613,,
"IRL","Ireland","PAW","Paid work or study","WOMEN","Women","15_64","15-64","LY","Latest year",194.93269,,
"IRL","Ireland","PAW","Paid work or study","MEN","Men","15_64","15-64","LY","Latest year",340.81052,,
"ITA","Italy","PAW","Paid work or study","TOTAL","Total","15_64","15-64","LY","Latest year",176.70906,,
"ITA","Italy","PAW","Paid work or study","WOMEN","Women","15_64","15-64","LY","Latest year",133.11972,,
"ITA","Italy","PAW","Paid work or study","MEN","Men","15_64","15-64","LY","Latest year",220.81396,,
"JPN","Japan","PAW","Paid work or study","TOTAL","Total","15_64","15-64","LY","Latest year",362.6546,,
"JPN","Japan","PAW","Paid work or study","WOMEN","Women","15_64","15-64","LY","Latest year",271.52426,,
"JPN","Japan","PAW","Paid work or study","MEN","Men","15_64","15-64","LY","Latest year",451.78384,,
"KOR","Korea","PAW","Paid work or study","TOTAL","Total","15_64","15-64","LY","Latest year",344.45236,,
"KOR","Korea","PAW","Paid work or study","WOMEN","Women","15_64","15-64","LY","Latest year",269.38647,,
"KOR","Korea","PAW","Paid work or study","MEN","Men","15_64","15-64","LY","Latest year",418.98608,,
"MEX","Mexico","PAW","Paid work or study","TOTAL","Total","15_64","15-64","LY","Latest year",349.15216,"D","Difference in methodology"
"MEX","Mexico","PAW","Paid work or study","WOMEN","Women","15_64","15-64","LY","Latest year",236.32854,"D","Difference in methodology"
"MEX","Mexico","PAW","Paid work or study","MEN","Men","15_64","15-64","LY","Latest year",478.33298,"D","Difference in methodology"
"NLD","Netherlands","PAW","Paid work or study","TOTAL","Total","15_64","15-64","LY","Latest year",242.78703,,
"NLD","Netherlands","PAW","Paid work or study","WOMEN","Women","15_64","15-64","LY","Latest year",201.43257,,
"NLD","Netherlands","PAW","Paid work or study","MEN","Men","15_64","15-64","LY","Latest year",284.93921,,
"NZL","New Zealand","PAW","Paid work or study","TOTAL","Total","15_64","15-64","LY","Latest year",270,,
"NZL","New Zealand","PAW","Paid work or study","WOMEN","Women","15_64","15-64","LY","Latest year",205,,
"NZL","New Zealand","PAW","Paid work or study","MEN","Men","15_64","15-64","LY","Latest year",338,,
"NOR","Norway","PAW","Paid work or study","TOTAL","Total","15_64","15-64","LY","Latest year",241.26506,,
"NOR","Norway","PAW","Paid work or study","WOMEN","Women","15_64","15-64","LY","Latest year",199.98746,,
"NOR","Norway","PAW","Paid work or study","MEN","Men","15_64","15-64","LY","Latest year",277.3829,,
"POL","Poland","PAW","Paid work or study","TOTAL","Total","15_64","15-64","LY","Latest year",259.58719,,
"POL","Poland","PAW","Paid work or study","WOMEN","Women","15_64","15-64","LY","Latest year",203.20055,,
"POL","Poland","PAW","Paid work or study","MEN","Men","15_64","15-64","LY","Latest year",314.79718,,
"PRT","Portugal","PAW","Paid work or study","TOTAL","Total","15_64","15-64","LY","Latest year",295.04895,,
"PRT","Portugal","PAW","Paid work or study","WOMEN","Women","15_64","15-64","LY","Latest year",231.28491,,
"PRT","Portugal","PAW","Paid work or study","MEN","Men","15_64","15-64","LY","Latest year",372.32706,,
"ESP","Spain","PAW","Paid work or study","TOTAL","Total","15_64","15-64","LY","Latest year",202.00473,,
"ESP","Spain","PAW","Paid work or study","WOMEN","Women","15_64","15-64","LY","Latest year",166.75362,,
"ESP","Spain","PAW","Paid work or study","MEN","Men","15_64","15-64","LY","Latest year",236.22913,,
"SWE","Sweden","PAW","Paid work or study","TOTAL","Total","15_64","15-64","LY","Latest year",293.40686,,
"SWE","Sweden","PAW","Paid work or study","WOMEN","Women","15_64","15-64","LY","Latest year",275.1911,,
"SWE","Sweden","PAW","Paid work or study","MEN","Men","15_64","15-64","LY","Latest year",313,,
"TUR","Turkey","PAW","Paid work or study","TOTAL","Total","15_64","15-64","LY","Latest year",246.31599,,
"TUR","Turkey","PAW","Paid work or study","WOMEN","Women","15_64","15-64","LY","Latest year",133.94724,,
"TUR","Turkey","PAW","Paid work or study","MEN","Men","15_64","15-64","LY","Latest year",358.25012,,
"GBR","United Kingdom","PAW","Paid work or study","TOTAL","Total","15_64","15-64","LY","Latest year",262.26492,,
"GBR","United Kingdom","PAW","Paid work or study","WOMEN","Women","15_64","15-64","LY","Latest year",216.20476,,
"GBR","United Kingdom","PAW","Paid work or study","MEN","Men","15_64","15-64","LY","Latest year",308.61597,,
"USA","United States","PAW","Paid work or study","TOTAL","Total","15_64","15-64","LY","Latest year",288.85577,,
"USA","United States","PAW","Paid work or study","WOMEN","Women","15_64","15-64","LY","Latest year",247.01257,,
"USA","United States","PAW","Paid work or study","MEN","Men","15_64","15-64","LY","Latest year",331.74963,,
"CHN","China (People's Republic of)","PAW","Paid work or study","TOTAL","Total","15_64","15-64","LY","Latest year",339.76404,"D","Difference in methodology"
"CHN","China (People's Republic of)","PAW","Paid work or study","WOMEN","Women","15_64","15-64","LY","Latest year",291,"D","Difference in methodology"
"CHN","China (People's Republic of)","PAW","Paid work or study","MEN","Men","15_64","15-64","LY","Latest year",390,"D","Difference in methodology"
"EST","Estonia","PAW","Paid work or study","TOTAL","Total","15_64","15-64","LY","Latest year",255.57736,,
"EST","Estonia","PAW","Paid work or study","WOMEN","Women","15_64","15-64","LY","Latest year",244.85326,,
"EST","Estonia","PAW","Paid work or study","MEN","Men","15_64","15-64","LY","Latest year",264.07236,,
"IND","India","PAW","Paid work or study","TOTAL","Total","15_64","15-64","LY","Latest year",294.9794,,
"IND","India","PAW","Paid work or study","WOMEN","Women","15_64","15-64","LY","Latest year",184.70367,,
"IND","India","PAW","Paid work or study","MEN","Men","15_64","15-64","LY","Latest year",390.57108,,
"LVA","Latvia","PAW","Paid work or study","TOTAL","Total","15_64","15-64","LY","Latest year",329.93842,,
"LVA","Latvia","PAW","Paid work or study","WOMEN","Women","15_64","15-64","LY","Latest year",288.46832,,
"LVA","Latvia","PAW","Paid work or study","MEN","Men","15_64","15-64","LY","Latest year",376.93106,,
"SVN","Slovenia","PAW","Paid work or study","TOTAL","Total","15_64","15-64","LY","Latest year",264.63245,,
"SVN","Slovenia","PAW","Paid work or study","WOMEN","Women","15_64","15-64","LY","Latest year",234.16261,,
"SVN","Slovenia","PAW","Paid work or study","MEN","Men","15_64","15-64","LY","Latest year",299.83286,,
"ZAF","South Africa","PAW","Paid work or study","TOTAL","Total","15_64","15-64","LY","Latest year",240.57607,,
"ZAF","South Africa","PAW","Paid work or study","WOMEN","Women","15_64","15-64","LY","Latest year",195.03345,,
"ZAF","South Africa","PAW","Paid work or study","MEN","Men","15_64","15-64","LY","Latest year",294.16318,,
"LUX","Luxembourg","UPW","Unpaid work","TOTAL","Total","15_64","15-64","LY","Latest year",179.15561,,
"LUX","Luxembourg","UPW","Unpaid work","WOMEN","Women","15_64","15-64","LY","Latest year",239.61743,,
"LUX","Luxembourg","UPW","Unpaid work","MEN","Men","15_64","15-64","LY","Latest year",121.07518,,
"LTU","Lithuania","UPW","Unpaid work","TOTAL","Total","15_64","15-64","LY","Latest year",224.47133,"D","Difference in methodology"
"LTU","Lithuania","UPW","Unpaid work","WOMEN","Women","15_64","15-64","LY","Latest year",291.95166,"D","Difference in methodology"
"LTU","Lithuania","UPW","Unpaid work","MEN","Men","15_64","15-64","LY","Latest year",151.61081,"D","Difference in methodology"
"LUX","Luxembourg","PCA","Personal care","TOTAL","Total","15_64","15-64","LY","Latest year",685.66821,,
"LUX","Luxembourg","PCA","Personal care","WOMEN","Women","15_64","15-64","LY","Latest year",694.01245,,
"LUX","Luxembourg","PCA","Personal care","MEN","Men","15_64","15-64","LY","Latest year",676.8634,,
"LTU","Lithuania","PCA","Personal care","TOTAL","Total","15_64","15-64","LY","Latest year",645.53864,"D","Difference in methodology"
"LTU","Lithuania","PCA","Personal care","WOMEN","Women","15_64","15-64","LY","Latest year",644.79767,"D","Difference in methodology"
"LTU","Lithuania","PCA","Personal care","MEN","Men","15_64","15-64","LY","Latest year",644.32349,"D","Difference in methodology"
"LUX","Luxembourg","LEI","Leisure","TOTAL","Total","15_64","15-64","LY","Latest year",276.38571,,
"LUX","Luxembourg","LEI","Leisure","WOMEN","Women","15_64","15-64","LY","Latest year",253.02322,,
"LUX","Luxembourg","LEI","Leisure","MEN","Men","15_64","15-64","LY","Latest year",299.04138,,
"LTU","Lithuania","LEI","Leisure","TOTAL","Total","15_64","15-64","LY","Latest year",246.6068,"D","Difference in methodology"
"LTU","Lithuania","LEI","Leisure","WOMEN","Women","15_64","15-64","LY","Latest year",215.29886,"D","Difference in methodology"
"LTU","Lithuania","LEI","Leisure","MEN","Men","15_64","15-64","LY","Latest year",282.19785,"D","Difference in methodology"
"LUX","Luxembourg","OTH","Other","TOTAL","Total","15_64","15-64","LY","Latest year",14.063417,,
"LUX","Luxembourg","OTH","Other","WOMEN","Women","15_64","15-64","LY","Latest year",14.512388,,
"LUX","Luxembourg","OTH","Other","MEN","Men","15_64","15-64","LY","Latest year",13.025016,,
"LTU","Lithuania","OTH","Other","TOTAL","Total","15_64","15-64","LY","Latest year",8.1680727,"D","Difference in methodology"
"LTU","Lithuania","OTH","Other","WOMEN","Women","15_64","15-64","LY","Latest year",8.6944227,"D","Difference in methodology"
"LTU","Lithuania","OTH","Other","MEN","Men","15_64","15-64","LY","Latest year",7.6051412,"D","Difference in methodology"
"LUX","Luxembourg","PAW","Paid work or study","TOTAL","Total","15_64","15-64","LY","Latest year",284.68814,,
"LUX","Luxembourg","PAW","Paid work or study","WOMEN","Women","15_64","15-64","LY","Latest year",238.86639,,
"LUX","Luxembourg","PAW","Paid work or study","MEN","Men","15_64","15-64","LY","Latest year",329.99503,,
"LTU","Lithuania","PAW","Paid work or study","TOTAL","Total","15_64","15-64","LY","Latest year",315.21515,"D","Difference in methodology"
"LTU","Lithuania","PAW","Paid work or study","WOMEN","Women","15_64","15-64","LY","Latest year",279.25739,"D","Difference in methodology"
"LTU","Lithuania","PAW","Paid work or study","MEN","Men","15_64","15-64","LY","Latest year",354.26273,"D","Difference in methodology"
